assetnum,wonum,description,problemcode,problemcode_description,matched_component,match_score
215150CG,96827,FIBI - AIR HANLDER SEEMS EXCESSIVELY NOISY.  PLEASE SCAN AHU 2-3-3.,AH-P001,Airflow Obstruction,"['Filter, Control Air Supply: Clogged', 'Filter, Control Air Supply: Broken', 'Condenser Coil: Air side fouling']","[0.8762274980545044, 0.8592182993888855, 0.840934157371521]"
215150CH,96824,FIBI - AIR HANLDER SEEMS EXCESSIVELY NOISY.  PLEASE SCAN AHU 2-3-2.,AH-P001,Airflow Obstruction,"['Filter, Control Air Supply: Clogged', 'Filter, Control Air Supply: Broken', 'Condenser Coil: Air side fouling']","[0.8758561611175537, 0.8592482805252075, 0.8402435183525085]"
215151OP,112409,FIBI - Replace intake filters 1st floor,AH-P001,Airflow Obstruction,"['Filter, Control Air Supply: Clogged', 'Filter, Control Air Supply: Broken', 'Condenser Coil: Air side fouling']","[0.8818630576133728, 0.8574153780937195, 0.8262754082679749]"
215151OQ,112410,FIBI - Replace intake filters 1st floor,AH-P001,Airflow Obstruction,"['Filter, Control Air Supply: Clogged', 'Filter, Control Air Supply: Broken', 'Condenser Coil: Air side fouling']","[0.8818630576133728, 0.8574153780937195, 0.8262754082679749]"
215151OQ,70068,FIBI - O/A filters 001. Change outside filters.,AH-P001,Airflow Obstruction,"['Filter, Control Air Supply: Clogged', 'Filter, Control Air Supply: Broken', 'Condenser Coil: Air side fouling']","[0.8984609246253967, 0.871672511100769, 0.8385581970214844]"
215153CE,93006,"B002-1 A28, Troubleshoot HW Pump 1 & 2, Contact Blaine",AH-P006,Electric failure,"['Electric Heating Coils: Control malfunction', 'Filter, Control Air Supply: Broken', 'Agastat Type Timer Switches: Coil failure']","[0.8061807155609131, 0.8044129610061646, 0.8014785647392273]"
215153CE,18932,"002-1 AC 2-1-1 - Change filters, lube, check unit",AH-P001,Airflow Obstruction,"['Filter, Control Air Supply: Clogged', 'Filter, Control Air Supply: Broken', 'Condenser Coil: Air side fouling']","[0.8907151222229004, 0.8665545582771301, 0.8483713269233704]"
215153CE,109576,FIBI - Change filters,AH-P001,Airflow Obstruction,"['Filter, Control Air Supply: Clogged', 'Filter, Control Air Supply: Broken', 'Condenser Coil: Air side fouling']","[0.8946844339370728, 0.8685216307640076, 0.8336443305015564]"
215153HA,78627,FIBI - Steam shut-off valve is leaking,AH-P002,Dirty evaporator coils,"['Steam Heating Coils: Air side fouling', 'Filter, Control Air Supply: Clogged', 'Condenser Coil: Air side fouling']","[0.8758724927902222, 0.8585371375083923, 0.8554922938346863]"
215153QA,158019,FIBI - Belt squeaking,AH-P010,Fan belt Damaged,"['Fan, Centrifugal: Cracked wheel', 'Fan, Propeller: Cracked mounting brackets', 'Fan, Propeller: Cracked propeller assembly']","[0.8135402798652649, 0.8083863258361816, 0.8083193302154541]"
215153QD,98572,FIBI - Change belts,AH-P001,Fan belt Damaged,"['Filter, Control Air Supply: Clogged', 'Filter, Control Air Supply: Broken', 'Liquid Coil, Cooling & Heating: Air side fouling']","[0.8418554067611694, 0.8335184454917908, 0.7989973425865173]"
315150BA,140019,Freezestat test,AH-P005,Freezing unit,"['Filter, Control Air Supply: Broken', 'Filter, Control Air Supply: Clogged', 'Electric Heating Coils: Control malfunction']","[0.8631025552749634, 0.851073145866394, 0.7946807146072388]"
315150BA,12758,AIR HANDLER UNIT 3-1-1   (OA),AH-P001,Airflow Obstruction,"['Filter, Control Air Supply: Clogged', 'Filter, Control Air Supply: Broken', 'Condenser Coil: Air side fouling']","[0.8992421627044678, 0.8750694990158081, 0.8582653999328613]"
315150BA,25085,"Change filters, check operation.",AH-P001,Airflow Obstruction,"['Filter, Control Air Supply: Clogged', 'Filter, Control Air Supply: Broken', 'Condenser Coil: Air side fouling']","[0.8965340852737427, 0.8691449165344238, 0.8393643498420715]"
315150BB,12760,AIR HANDLER UNIT 3-1-2   (OA),AH-P001,Airflow Obstruction,"['Filter, Control Air Supply: Clogged', 'Filter, Control Air Supply: Broken', 'Condenser Coil: Air side fouling']","[0.8990204334259033, 0.8754785656929016, 0.8583512902259827]"
315150BB,140020,Freezestat test,AH-P005,Freezing unit,"['Filter, Control Air Supply: Broken', 'Filter, Control Air Supply: Clogged', 'Electric Heating Coils: Control malfunction']","[0.8631025552749634, 0.851073145866394, 0.7946807146072388]"
315150BB,144270,"Change filters, vacuum AHU, and clean coils due to construction in adjacent WT area",AH-P001,Airflow Obstruction,"['Filter, Control Air Supply: Clogged', 'Filter, Control Air Supply: Broken', 'Condenser Coil: Air side fouling']","[0.8839895725250244, 0.8619405627250671, 0.8480541706085205]"
315150BK,12813,AIR HANDLING UNIT 3-1-8   (OA),AH-P001,Airflow Obstruction,"['Filter, Control Air Supply: Clogged', 'Filter, Control Air Supply: Broken', 'Condenser Coil: Air side fouling']","[0.8987339735031128, 0.8728762269020081, 0.8565911054611206]"
315153HO,12781,AIR HANDLER UNIT 3-1-4    (OA),AH-P001,Airflow Obstruction,"['Filter, Control Air Supply: Clogged', 'Filter, Control Air Supply: Broken', 'Condenser Coil: Air side fouling']","[0.9003263115882874, 0.8770989179611206, 0.8600099682807922]"
CU02007,49177,Clean tubes,CF-P002,No pumping/insufficient fluid flow,"['Chiller Instrumentation and Control Devices: Capacity, Oil Pressure, Oil Level, Refrigerant High & Low Pressure, Freeze Protection: General tubing failure', 'Chiller Instrumentation and Control Devices: Capacity, Oil Pressure, Oil Level, Refrigerant High & Low Pressure, Freeze Protection: Plastic tubing failure', 'Chiller Instrumentation and Control Devices: Capacity, Oil Pressure, Oil Level, Refrigerant High & Low Pressure, Freeze Protection: Component failure']","[0.8523399233818054, 0.8432666063308716, 0.8382151126861572]"
CU02007,56098,Refrigerant Alarm,CF-P003,No cooling/insufficient cooling,"['Chiller Instrumentation and Control Devices: Capacity, Oil Pressure, Oil Level, Refrigerant High & Low Pressure, Freeze Protection: Component failure', 'Chiller Instrumentation and Control Devices: Capacity, Oil Pressure, Oil Level, Refrigerant High & Low Pressure, Freeze Protection: General tubing failure', 'Refrigerant Metering Device: Failed float valve']","[0.8556657433509827, 0.8449501395225525, 0.8406734466552734]"
CU02007,58077,#7 refrigerant alarm,CF-P007,Low evaporator pressure,"['Refrigerant Operated Control Valve: Water side leak', 'Chiller Instrumentation and Control Devices: Capacity, Oil Pressure, Oil Level, Refrigerant High & Low Pressure, Freeze Protection: Component failure', 'Refrigerant Metering Device: Failed float valve']","[0.8359830379486084, 0.835487961769104, 0.8326728940010071]"
CU02007,39143,F1B1-Cleaned condenser on #7 chiller.,CF-P009,No pumping/insufficient fluid flow,"['Compressor, Lubrication Failure: Low oil level', 'Compressor, Lubrication Failure: Incorrect oil', 'Purge Unit: Ineffective purge, allows noncondensibles to remain in condenser']","[0.8498045802116394, 0.8469108939170837, 0.8430472016334534]"
CU02007,41196,Plugged condensers.,CF-P002,No pumping/insufficient fluid flow,"['Purge Unit: Ineffective purge, allows noncondensibles to remain in condenser', 'Heat Exchangers: Condenser: Improper water side flow rate', 'Chiller Instrumentation and Control Devices: Capacity, Oil Pressure, Oil Level, Refrigerant High & Low Pressure, Freeze Protection: General tubing failure']","[0.8512361645698547, 0.847408652305603, 0.8404231071472168]"
CU02007,40552,F1B1-Cleaned tubes #7 chiller.,CF-P003,No cooling/insufficient cooling,"['Chiller Instrumentation and Control Devices: Capacity, Oil Pressure, Oil Level, Refrigerant High & Low Pressure, Freeze Protection: General tubing failure', 'Chiller Instrumentation and Control Devices: Capacity, Oil Pressure, Oil Level, Refrigerant High & Low Pressure, Freeze Protection: Plastic tubing failure', 'Chiller Instrumentation and Control Devices: Capacity, Oil Pressure, Oil Level, Refrigerant High & Low Pressure, Freeze Protection: Component failure']","[0.87345290184021, 0.8645742535591125, 0.8618142604827881]"
CU02007,101154,Replace oil cooler and oil temp. vavle,CF-P003,No cooling/insufficient cooling,"['Compressor, Lubrication Failure: Low oil level', 'Chiller Instrumentation and Control Devices: Capacity, Oil Pressure, Oil Level, Refrigerant High & Low Pressure, Freeze Protection: Component failure', 'Compressor, Lubrication Failure: Incorrect oil']","[0.8570957779884338, 0.8550922274589539, 0.8521965146064758]"
CU02007,133549,Transfer refrigerant.,CF-P003,No cooling/insufficient cooling,"['Chiller Instrumentation and Control Devices: Capacity, Oil Pressure, Oil Level, Refrigerant High & Low Pressure, Freeze Protection: Component failure', 'Chiller Instrumentation and Control Devices: Capacity, Oil Pressure, Oil Level, Refrigerant High & Low Pressure, Freeze Protection: General tubing failure', 'Chiller Instrumentation and Control Devices: Capacity, Oil Pressure, Oil Level, Refrigerant High & Low Pressure, Freeze Protection: Plastic tubing failure']","[0.8487907648086548, 0.8424819707870483, 0.8363907933235168]"
CU02007,156161,Tube machine,CF-P001,No power,"['Chiller Instrumentation and Control Devices: Capacity, Oil Pressure, Oil Level, Refrigerant High & Low Pressure, Freeze Protection: General tubing failure', 'Chiller Instrumentation and Control Devices: Capacity, Oil Pressure, Oil Level, Refrigerant High & Low Pressure, Freeze Protection: Plastic tubing failure', 'Refrigerant Metering Device: Failed float valve']","[0.825229287147522, 0.8177526593208313, 0.8146880865097046]"
CU02007,158043,Training new employee.,CF-P003,No cooling/insufficient cooling,"['Chiller Instrumentation and Control Devices: Capacity, Oil Pressure, Oil Level, Refrigerant High & Low Pressure, Freeze Protection: Component failure', 'Chiller Instrumentation and Control Devices: Capacity, Oil Pressure, Oil Level, Refrigerant High & Low Pressure, Freeze Protection: General tubing failure', 'Chiller Instrumentation and Control Devices: Capacity, Oil Pressure, Oil Level, Refrigerant High & Low Pressure, Freeze Protection: Plastic tubing failure']","[0.8348846435546875, 0.8306848406791687, 0.8258637189865112]"
CU02007,159396,Fill chiller #7.,CF-P002,No pumping/insufficient fluid flow,"['Chiller Instrumentation and Control Devices: Capacity, Oil Pressure, Oil Level, Refrigerant High & Low Pressure, Freeze Protection: Component failure', 'Chiller Instrumentation and Control Devices: Capacity, Oil Pressure, Oil Level, Refrigerant High & Low Pressure, Freeze Protection: General tubing failure', 'Chiller Instrumentation and Control Devices: Capacity, Oil Pressure, Oil Level, Refrigerant High & Low Pressure, Freeze Protection: Plastic tubing failure']","[0.8728234171867371, 0.8716298937797546, 0.8666344881057739]"
CU02007,147585,PERFORM OIL ANALYSIS ON CHILLER 7,CF-P004,Compressor failure,"['Compressor, Lubrication Failure: Low oil level', 'Compressor, Lubrication Failure: Incorrect oil', 'Compressor, Lubrication Failure: Oil degradation']","[0.8704313039779663, 0.8673135638237, 0.8639926314353943]"
CU02007,133722,Condenser heads chiller #7,CF-P003,No cooling/insufficient cooling,"['Chiller Instrumentation and Control Devices: Capacity, Oil Pressure, Oil Level, Refrigerant High & Low Pressure, Freeze Protection: Component failure', 'Chiller Instrumentation and Control Devices: Capacity, Oil Pressure, Oil Level, Refrigerant High & Low Pressure, Freeze Protection: General tubing failure', 'Chiller Instrumentation and Control Devices: Capacity, Oil Pressure, Oil Level, Refrigerant High & Low Pressure, Freeze Protection: Plastic tubing failure']","[0.8600507974624634, 0.8543077111244202, 0.8475164771080017]"
CU02009,72195,Refrigerant alarm #9 chiller,CF-P001,No cooling/insufficient cooling,"['Chiller Instrumentation and Control Devices: Capacity, Oil Pressure, Oil Level, Refrigerant High & Low Pressure, Freeze Protection: Component failure', 'Chiller Instrumentation and Control Devices: Capacity, Oil Pressure, Oil Level, Refrigerant High & Low Pressure, Freeze Protection: Misadjustment', 'Chiller Instrumentation and Control Devices: Capacity, Oil Pressure, Oil Level, Refrigerant High & Low Pressure, Freeze Protection: General tubing failure']","[0.8604972958564758, 0.8429109454154968, 0.8424274325370789]"
CU02009,80533,Liquid level sight glass,CF-P003,No cooling/insufficient cooling,"['Chiller Instrumentation and Control Devices: Capacity, Oil Pressure, Oil Level, Refrigerant High & Low Pressure, Freeze Protection: Component failure', 'Chiller Instrumentation and Control Devices: Capacity, Oil Pressure, Oil Level, Refrigerant High & Low Pressure, Freeze Protection: General tubing failure', 'Chiller Instrumentation and Control Devices: Capacity, Oil Pressure, Oil Level, Refrigerant High & Low Pressure, Freeze Protection: Plastic tubing failure']","[0.8504563570022583, 0.8361015319824219, 0.833315908908844]"
CU02009,88230,Refrigerant alarm,CF-P003,No cooling/insufficient cooling,"['Chiller Instrumentation and Control Devices: Capacity, Oil Pressure, Oil Level, Refrigerant High & Low Pressure, Freeze Protection: Component failure', 'Chiller Instrumentation and Control Devices: Capacity, Oil Pressure, Oil Level, Refrigerant High & Low Pressure, Freeze Protection: General tubing failure', 'Refrigerant Metering Device: Failed float valve']","[0.8556657433509827, 0.8449501395225525, 0.8406734466552734]"
CU02009,89970,Fix Secondary Leak and Nitrogen Leak Check,CF-P003,No cooling/insufficient cooling,"['Refrigerant Operated Control Valve: Water side leak', 'Chiller Instrumentation and Control Devices: Capacity, Oil Pressure, Oil Level, Refrigerant High & Low Pressure, Freeze Protection: Component failure', 'Compressor, Shaft seal: Leakage']","[0.8469642400741577, 0.8373782634735107, 0.8355358242988586]"
CU02009,67352,Chiller tube punching machine cables.  Open and close this WO.  Admin only,CF-P001,No power,"['Chiller Instrumentation and Control Devices: Capacity, Oil Pressure, Oil Level, Refrigerant High & Low Pressure, Freeze Protection: General tubing failure', 'Chiller Instrumentation and Control Devices: Capacity, Oil Pressure, Oil Level, Refrigerant High & Low Pressure, Freeze Protection: Plastic tubing failure', 'Chiller Instrumentation and Control Devices: Capacity, Oil Pressure, Oil Level, Refrigerant High & Low Pressure, Freeze Protection: Component failure']","[0.8447231650352478, 0.8411881923675537, 0.8394368886947632]"
CU02009,4562,Order actuator for Chiller #9 for Eric/Jeff,CF-P003,No cooling/insufficient cooling,"['Chiller Instrumentation and Control Devices: Capacity, Oil Pressure, Oil Level, Refrigerant High & Low Pressure, Freeze Protection: Component failure', 'Chiller Instrumentation and Control Devices: Capacity, Oil Pressure, Oil Level, Refrigerant High & Low Pressure, Freeze Protection: Misadjustment', 'Chiller Instrumentation and Control Devices: Capacity, Oil Pressure, Oil Level, Refrigerant High & Low Pressure, Freeze Protection: General tubing failure']","[0.8702013492584229, 0.8588104844093323, 0.8577805757522583]"
CU02009,59462,grease,CF-P003,No cooling/insufficient cooling,"['Chiller Instrumentation and Control Devices: Capacity, Oil Pressure, Oil Level, Refrigerant High & Low Pressure, Freeze Protection: Component failure', 'Chiller Instrumentation and Control Devices: Capacity, Oil Pressure, Oil Level, Refrigerant High & Low Pressure, Freeze Protection: General tubing failure', 'Compressor, Lubrication Failure: Low oil level']","[0.8385345935821533, 0.8321563005447388, 0.8316261768341064]"
CU02009,15547,MONTHLY REFRIGERANT CHECK,CF-P001,No power,"['Chiller Instrumentation and Control Devices: Capacity, Oil Pressure, Oil Level, Refrigerant High & Low Pressure, Freeze Protection: Component failure', 'Refrigerant Metering Device: Failed float valve', 'Chiller Instrumentation and Control Devices: Capacity, Oil Pressure, Oil Level, Refrigerant High & Low Pressure, Freeze Protection: General tubing failure']","[0.8518002033233643, 0.8461303114891052, 0.8361164927482605]"
CU02009,27879,Greased # 9 chiller compressor motor.,CF-P004,Compressor failure,"['Chiller Instrumentation and Control Devices: Capacity, Oil Pressure, Oil Level, Refrigerant High & Low Pressure, Freeze Protection: Component failure', 'Compressor System Failure: Inadequate system differential pressure', 'Compressor, Lubrication Failure: Low oil level']","[0.8441713452339172, 0.8374838829040527, 0.8369134068489075]"
CU02009,151249,Shut off chiller #9 for the season.,CF-P004,Compressor failure,"['Chiller Instrumentation and Control Devices: Capacity, Oil Pressure, Oil Level, Refrigerant High & Low Pressure, Freeze Protection: Component failure', 'Compressor System Failure: Inadequate system differential pressure', 'Chiller Instrumentation and Control Devices: Capacity, Oil Pressure, Oil Level, Refrigerant High & Low Pressure, Freeze Protection: General tubing failure']","[0.8414779305458069, 0.833232045173645, 0.8207858204841614]"
CU02009,149796,grease #9 chiller.,CF-P004,Compressor failure,"['Chiller Instrumentation and Control Devices: Capacity, Oil Pressure, Oil Level, Refrigerant High & Low Pressure, Freeze Protection: Component failure', 'Compressor System Failure: Inadequate system differential pressure', 'Compressor, Lubrication Failure: Low oil level']","[0.8384712934494019, 0.834141731262207, 0.8314374089241028]"
CU02009,149403,Pluged condenser #9 chiller,CF-P003,No pumping/insufficient fluid flow,"['Chiller Instrumentation and Control Devices: Capacity, Oil Pressure, Oil Level, Refrigerant High & Low Pressure, Freeze Protection: Component failure', 'Chiller Instrumentation and Control Devices: Capacity, Oil Pressure, Oil Level, Refrigerant High & Low Pressure, Freeze Protection: Plastic tubing failure', 'Chiller Instrumentation and Control Devices: Capacity, Oil Pressure, Oil Level, Refrigerant High & Low Pressure, Freeze Protection: General tubing failure']","[0.855288565158844, 0.8544459939002991, 0.8536707758903503]"
CU02009,40189,F1B1-Pluged tubes,CF-P003,No pumping/insufficient fluid flow,"['Chiller Instrumentation and Control Devices: Capacity, Oil Pressure, Oil Level, Refrigerant High & Low Pressure, Freeze Protection: General tubing failure', 'Chiller Instrumentation and Control Devices: Capacity, Oil Pressure, Oil Level, Refrigerant High & Low Pressure, Freeze Protection: Plastic tubing failure', 'Chiller Instrumentation and Control Devices: Capacity, Oil Pressure, Oil Level, Refrigerant High & Low Pressure, Freeze Protection: Component failure']","[0.8541995286941528, 0.8473213315010071, 0.8386476635932922]"
CU02009,39141,F1B1-Cleaned condenser on #9 chiller.,CF-P001,No pumping/insufficient fluid flow,"['Chiller Instrumentation and Control Devices: Capacity, Oil Pressure, Oil Level, Refrigerant High & Low Pressure, Freeze Protection: Component failure', 'Purge Unit: Ineffective purge, allows noncondensibles to remain in condenser', 'Chiller Instrumentation and Control Devices: Capacity, Oil Pressure, Oil Level, Refrigerant High & Low Pressure, Freeze Protection: General tubing failure']","[0.8490922451019287, 0.8397065997123718, 0.8379709124565125]"
CU02009,49178,Grease,CF-P004,Compressor failure,"['Compressor System Failure: Inadequate system differential pressure', 'Compressor, Lubrication Failure: Low oil level', 'Compressor, Lubrication Failure: Incorrect oil']","[0.8418806791305542, 0.8403602242469788, 0.8362697958946228]"
CU02009,90540,"Restore Chiller 9 to service.  leak check, pull vacuum and transfer refrigerant.",CF-P003,No cooling/insufficient cooling,"['Chiller Instrumentation and Control Devices: Capacity, Oil Pressure, Oil Level, Refrigerant High & Low Pressure, Freeze Protection: Component failure', 'Chiller Instrumentation and Control Devices: Capacity, Oil Pressure, Oil Level, Refrigerant High & Low Pressure, Freeze Protection: Misadjustment', 'Chiller Instrumentation and Control Devices: Capacity, Oil Pressure, Oil Level, Refrigerant High & Low Pressure, Freeze Protection: General tubing failure']","[0.8645715713500977, 0.8539652228355408, 0.8531457781791687]"
CU02009,143437,DP. too high #9 chiller.,CF-P003,No cooling/insufficient cooling,"['Chiller Instrumentation and Control Devices: Capacity, Oil Pressure, Oil Level, Refrigerant High & Low Pressure, Freeze Protection: Component failure', 'Chiller Instrumentation and Control Devices: Capacity, Oil Pressure, Oil Level, Refrigerant High & Low Pressure, Freeze Protection: Misadjustment', 'Chiller Instrumentation and Control Devices: Capacity, Oil Pressure, Oil Level, Refrigerant High & Low Pressure, Freeze Protection: General tubing failure']","[0.8675261735916138, 0.8650252223014832, 0.8544579744338989]"
CU02009,48014,Cleaned tubes.,CF-P002,No pumping/insufficient fluid flow,"['Chiller Instrumentation and Control Devices: Capacity, Oil Pressure, Oil Level, Refrigerant High & Low Pressure, Freeze Protection: General tubing failure', 'Chiller Instrumentation and Control Devices: Capacity, Oil Pressure, Oil Level, Refrigerant High & Low Pressure, Freeze Protection: Plastic tubing failure', 'Refrigerant Metering Device: Failed float valve']","[0.8523603081703186, 0.8430490493774414, 0.8369519114494324]"
CU02009,51077,grease,CF-P004,Compressor failure,"['Compressor System Failure: Inadequate system differential pressure', 'Compressor, Lubrication Failure: Low oil level', 'Compressor, Lubrication Failure: Incorrect oil']","[0.8418806791305542, 0.8403602242469788, 0.8362697958946228]"
CU02010,134277,Grease motor.,CF-P004,Compressor failure,"['Compressor, Lubrication Failure: Low oil level', 'Compressor System Failure: Inadequate system differential pressure', 'Compressor, Lubrication Failure: Incorrect oil']","[0.8428592681884766, 0.8401528596878052, 0.8394662141799927]"
CU02010,136493,lubrication alarm #9 chiller.,CF-P004,Compressor failure,"['Compressor, Lubrication Failure: Low oil level', 'Compressor, Lubrication Failure: Incorrect oil', 'Chiller Instrumentation and Control Devices: Capacity, Oil Pressure, Oil Level, Refrigerant High & Low Pressure, Freeze Protection: Component failure']","[0.8576931953430176, 0.8556263446807861, 0.8520734310150146]"
CU02010,132307,Start and stop equipment in B/020,CF-P003,No cooling/insufficient cooling,"['Chiller Instrumentation and Control Devices: Capacity, Oil Pressure, Oil Level, Refrigerant High & Low Pressure, Freeze Protection: Component failure', 'Chiller Instrumentation and Control Devices: Capacity, Oil Pressure, Oil Level, Refrigerant High & Low Pressure, Freeze Protection: General tubing failure', 'Chiller Instrumentation and Control Devices: Capacity, Oil Pressure, Oil Level, Refrigerant High & Low Pressure, Freeze Protection: Plastic tubing failure']","[0.848602831363678, 0.8384885191917419, 0.8317474722862244]"
CU02010,164145,Change floor drain by #10 chiller,CF-P006,Liquid hammer,"['Refrigerant Metering Device: Failed float valve', 'Refrigerant Operated Control Valve: Water side leak', 'Refrigerant Operated Control Valve: Stuck']","[0.8315570950508118, 0.8256517052650452, 0.8254982829093933]"
CU02010,167730,Break room pump not working.,CF-P002,No pumping/insufficient fluid flow,"['Refrigerant Metering Device: Failed float valve', 'Chiller Instrumentation and Control Devices: Capacity, Oil Pressure, Oil Level, Refrigerant High & Low Pressure, Freeze Protection: General tubing failure', 'Refrigerant Operated Control Valve: Failed spring']","[0.8292994499206543, 0.8219956159591675, 0.82032310962677]"
CU02010,43802,Grease #9 #10 #4 chiller compressors.,CF-P004,Compressor failure,"['Chiller Instrumentation and Control Devices: Capacity, Oil Pressure, Oil Level, Refrigerant High & Low Pressure, Freeze Protection: Component failure', 'Compressor System Failure: Inadequate system differential pressure', 'Compressor, Lubrication Failure: Incorrect oil']","[0.8434645533561707, 0.842655599117279, 0.8358949422836304]"
CU02010,83729,No chilled water flow #10 chiller.,CF-P003,No cooling/insufficient cooling,"['Chiller Instrumentation and Control Devices: Capacity, Oil Pressure, Oil Level, Refrigerant High & Low Pressure, Freeze Protection: Component failure', 'Chiller Instrumentation and Control Devices: Capacity, Oil Pressure, Oil Level, Refrigerant High & Low Pressure, Freeze Protection: General tubing failure', 'Chiller Instrumentation and Control Devices: Capacity, Oil Pressure, Oil Level, Refrigerant High & Low Pressure, Freeze Protection: Plastic tubing failure']","[0.8565340638160706, 0.852748453617096, 0.8470419645309448]"
CU02010,27880,Installed #10 RWP.,CF-P002,No pumping/insufficient fluid flow,"['Refrigerant Metering Device: Failed float valve', 'Refrigerant Operated Control Valve: Water side leak', 'Chiller Instrumentation and Control Devices: Capacity, Oil Pressure, Oil Level, Refrigerant High & Low Pressure, Freeze Protection: General tubing failure']","[0.8371736407279968, 0.8287281394004822, 0.8266024589538574]"
CU02010,29614,Changed out CPU. on #10 chiller with Steve Mckinney.,CF-P001,No power,"['Chiller Instrumentation and Control Devices: Capacity, Oil Pressure, Oil Level, Refrigerant High & Low Pressure, Freeze Protection: Component failure', 'Chiller Instrumentation and Control Devices: Capacity, Oil Pressure, Oil Level, Refrigerant High & Low Pressure, Freeze Protection: Plastic tubing failure', 'Chiller Instrumentation and Control Devices: Capacity, Oil Pressure, Oil Level, Refrigerant High & Low Pressure, Freeze Protection: Misadjustment']","[0.8356430530548096, 0.8138412833213806, 0.8130316138267517]"
CU02014,137506,Start #14 chiller,CF-P004,Compressor failure,"['Chiller Instrumentation and Control Devices: Capacity, Oil Pressure, Oil Level, Refrigerant High & Low Pressure, Freeze Protection: Component failure', 'Compressor System Failure: Inadequate system differential pressure', 'Chiller Instrumentation and Control Devices: Capacity, Oil Pressure, Oil Level, Refrigerant High & Low Pressure, Freeze Protection: General tubing failure']","[0.8474118113517761, 0.8361612558364868, 0.8252184987068176]"
CU02014,140565,Leak check #14 chiller,CF-P003,No cooling/insufficient cooling,"['Chiller Instrumentation and Control Devices: Capacity, Oil Pressure, Oil Level, Refrigerant High & Low Pressure, Freeze Protection: Component failure', 'Chiller Instrumentation and Control Devices: Capacity, Oil Pressure, Oil Level, Refrigerant High & Low Pressure, Freeze Protection: General tubing failure', 'Chiller Instrumentation and Control Devices: Capacity, Oil Pressure, Oil Level, Refrigerant High & Low Pressure, Freeze Protection: Misadjustment']","[0.8624061346054077, 0.8554233908653259, 0.8506402969360352]"
CU02014,131893,Chiller #14,CF-P002,No pumping/insufficient fluid flow,"['Chiller Instrumentation and Control Devices: Capacity, Oil Pressure, Oil Level, Refrigerant High & Low Pressure, Freeze Protection: General tubing failure', 'Chiller Instrumentation and Control Devices: Capacity, Oil Pressure, Oil Level, Refrigerant High & Low Pressure, Freeze Protection: Component failure', 'Chiller Instrumentation and Control Devices: Capacity, Oil Pressure, Oil Level, Refrigerant High & Low Pressure, Freeze Protection: Plastic tubing failure']","[0.8777182102203369, 0.8772825002670288, 0.8697818517684937]"
CU02014,50495,Refrigerant alarm,CF-P007,Low evaporator pressure,"['Refrigerant Operated Control Valve: Water side leak', 'Chiller Instrumentation and Control Devices: Capacity, Oil Pressure, Oil Level, Refrigerant High & Low Pressure, Freeze Protection: Component failure', 'Refrigerant Metering Device: Failed float valve']","[0.8341128826141357, 0.83219975233078, 0.8321825861930847]"
CU02014,127198,Power hit.,CF-P001,No power,"['Oil Return System: Eductor, Sump Level switch, SOV: Failed component', 'Electronic/Electrical Devices: Transmitters, Temperature Control Valves, Programmable logic controls, Level/Flow switches, RTDS, I/P Transducers: Loose connections', 'Chiller Instrumentation and Control Devices: Capacity, Oil Pressure, Oil Level, Refrigerant High & Low Pressure, Freeze Protection: Component failure']","[0.8038450479507446, 0.8024786710739136, 0.8001318573951721]"
CU02014,124109,#14 chiller needs compressor oil.,CF-P004,Compressor failure,"['Compressor, Lubrication Failure: Incorrect oil', 'Compressor, Lubrication Failure: Low oil level', 'Chiller Instrumentation and Control Devices: Capacity, Oil Pressure, Oil Level, Refrigerant High & Low Pressure, Freeze Protection: Component failure']","[0.8710286021232605, 0.8699772953987122, 0.8663607239723206]"
CU02014,120146,f1b1 #14 chiller won't load up.,CF-P003,No cooling/insufficient cooling,"['Chiller Instrumentation and Control Devices: Capacity, Oil Pressure, Oil Level, Refrigerant High & Low Pressure, Freeze Protection: Component failure', 'Chiller Instrumentation and Control Devices: Capacity, Oil Pressure, Oil Level, Refrigerant High & Low Pressure, Freeze Protection: General tubing failure', 'Chiller Instrumentation and Control Devices: Capacity, Oil Pressure, Oil Level, Refrigerant High & Low Pressure, Freeze Protection: Misadjustment']","[0.8622411489486694, 0.8466629385948181, 0.8446928858757019]"
CU02014,147583,Leak check # 14 chiller.,CF-P003,No cooling/insufficient cooling,"['Chiller Instrumentation and Control Devices: Capacity, Oil Pressure, Oil Level, Refrigerant High & Low Pressure, Freeze Protection: Component failure', 'Chiller Instrumentation and Control Devices: Capacity, Oil Pressure, Oil Level, Refrigerant High & Low Pressure, Freeze Protection: General tubing failure', 'Chiller Instrumentation and Control Devices: Capacity, Oil Pressure, Oil Level, Refrigerant High & Low Pressure, Freeze Protection: Misadjustment']","[0.8610211610794067, 0.8526807427406311, 0.8495843410491943]"
CU02014,106296,Started #14 chiller.,CF-P002,No pumping/insufficient fluid flow,"['Chiller Instrumentation and Control Devices: Capacity, Oil Pressure, Oil Level, Refrigerant High & Low Pressure, Freeze Protection: Component failure', 'Chiller Instrumentation and Control Devices: Capacity, Oil Pressure, Oil Level, Refrigerant High & Low Pressure, Freeze Protection: General tubing failure', 'Chiller Instrumentation and Control Devices: Capacity, Oil Pressure, Oil Level, Refrigerant High & Low Pressure, Freeze Protection: Misadjustment']","[0.8693429231643677, 0.8677517771720886, 0.8607734441757202]"
CU02014,92960,Chiller 14 Circulating Oil Mobil DTE Medium,CF-P003,No cooling/insufficient cooling,"['Chiller Instrumentation and Control Devices: Capacity, Oil Pressure, Oil Level, Refrigerant High & Low Pressure, Freeze Protection: Component failure', 'Chiller Instrumentation and Control Devices: Capacity, Oil Pressure, Oil Level, Refrigerant High & Low Pressure, Freeze Protection: General tubing failure', 'Chiller Instrumentation and Control Devices: Capacity, Oil Pressure, Oil Level, Refrigerant High & Low Pressure, Freeze Protection: Misadjustment']","[0.8752913475036621, 0.8693602085113525, 0.8630270957946777]"
CU02014,134440,#14 oil system,CF-P004,Compressor failure,"['Compressor, Lubrication Failure: Low oil level', 'Compressor, Lubrication Failure: Incorrect oil', 'Compressor System Failure: Inadequate system differential pressure']","[0.8670948147773743, 0.862186074256897, 0.8572205901145935]"
CU02014,90937,Change refrigerant filters #14 chiller.,CF-P003,No cooling/insufficient cooling,"['Chiller Instrumentation and Control Devices: Capacity, Oil Pressure, Oil Level, Refrigerant High & Low Pressure, Freeze Protection: Component failure', 'Chiller Instrumentation and Control Devices: Capacity, Oil Pressure, Oil Level, Refrigerant High & Low Pressure, Freeze Protection: Misadjustment', 'Chiller Instrumentation and Control Devices: Capacity, Oil Pressure, Oil Level, Refrigerant High & Low Pressure, Freeze Protection: General tubing failure']","[0.8667488694190979, 0.8547943234443665, 0.8531625270843506]"
CU02014,93427,Transfer refrigerant #13 chiller.,CF-P003,No cooling/insufficient cooling,"['Chiller Instrumentation and Control Devices: Capacity, Oil Pressure, Oil Level, Refrigerant High & Low Pressure, Freeze Protection: Component failure', 'Chiller Instrumentation and Control Devices: Capacity, Oil Pressure, Oil Level, Refrigerant High & Low Pressure, Freeze Protection: General tubing failure', 'Chiller Instrumentation and Control Devices: Capacity, Oil Pressure, Oil Level, Refrigerant High & Low Pressure, Freeze Protection: Misadjustment']","[0.8642069101333618, 0.8563750982284546, 0.8548333048820496]"
CU02014,7119,Check out chilled water piping on #14 chiller.,CF-P002,No pumping/insufficient fluid flow,"['Chiller Instrumentation and Control Devices: Capacity, Oil Pressure, Oil Level, Refrigerant High & Low Pressure, Freeze Protection: General tubing failure', 'Chiller Instrumentation and Control Devices: Capacity, Oil Pressure, Oil Level, Refrigerant High & Low Pressure, Freeze Protection: Plastic tubing failure', 'Chiller Instrumentation and Control Devices: Capacity, Oil Pressure, Oil Level, Refrigerant High & Low Pressure, Freeze Protection: Component failure']","[0.8617532849311829, 0.8524564504623413, 0.8505926132202148]"
CU02014,7133,Transferred refrigerant #14 chiller,CF-P003,No cooling/insufficient cooling,"['Chiller Instrumentation and Control Devices: Capacity, Oil Pressure, Oil Level, Refrigerant High & Low Pressure, Freeze Protection: Component failure', 'Chiller Instrumentation and Control Devices: Capacity, Oil Pressure, Oil Level, Refrigerant High & Low Pressure, Freeze Protection: General tubing failure', 'Chiller Instrumentation and Control Devices: Capacity, Oil Pressure, Oil Level, Refrigerant High & Low Pressure, Freeze Protection: Misadjustment']","[0.8631724119186401, 0.8548300862312317, 0.8505367636680603]"
CU02014,105131,Add oil to #14 gearbox and compressor.,CF-P002,No pumping/insufficient fluid flow,"['Compressor, Lubrication Failure: Low oil level', 'Compressor, Lubrication Failure: Incorrect oil', 'Compressor, Lubrication Failure: High or low oil pressure']","[0.8878099322319031, 0.8870171904563904, 0.8682963848114014]"
CU02014,100149,Add oil #14 chiller.,CF-P004,Compressor failure,"['Compressor, Lubrication Failure: Incorrect oil', 'Compressor, Lubrication Failure: Low oil level', 'Chiller Instrumentation and Control Devices: Capacity, Oil Pressure, Oil Level, Refrigerant High & Low Pressure, Freeze Protection: Component failure']","[0.8650627136230469, 0.8616999387741089, 0.8546436429023743]"
CU02702,140566,Switch chillers and towers.,CF-P003,No cooling/insufficient cooling,"['Chiller Instrumentation and Control Devices: Capacity, Oil Pressure, Oil Level, Refrigerant High & Low Pressure, Freeze Protection: Component failure', 'Chiller Instrumentation and Control Devices: Capacity, Oil Pressure, Oil Level, Refrigerant High & Low Pressure, Freeze Protection: General tubing failure', 'Chiller Instrumentation and Control Devices: Capacity, Oil Pressure, Oil Level, Refrigerant High & Low Pressure, Freeze Protection: Plastic tubing failure']","[0.8585664629936218, 0.8519105911254883, 0.8476083278656006]"
CU02702,130850,Refrigerant alarm.,CF-P003,No cooling/insufficient cooling,"['Chiller Instrumentation and Control Devices: Capacity, Oil Pressure, Oil Level, Refrigerant High & Low Pressure, Freeze Protection: Component failure', 'Chiller Instrumentation and Control Devices: Capacity, Oil Pressure, Oil Level, Refrigerant High & Low Pressure, Freeze Protection: General tubing failure', 'Refrigerant Metering Device: Failed float valve']","[0.8529488444328308, 0.8404349684715271, 0.8401164412498474]"
CU02702,130554,Switched equipment.,CF-P003,No cooling/insufficient cooling,"['Chiller Instrumentation and Control Devices: Capacity, Oil Pressure, Oil Level, Refrigerant High & Low Pressure, Freeze Protection: Component failure', 'Chiller Instrumentation and Control Devices: Capacity, Oil Pressure, Oil Level, Refrigerant High & Low Pressure, Freeze Protection: General tubing failure', 'Chiller Instrumentation and Control Devices: Capacity, Oil Pressure, Oil Level, Refrigerant High & Low Pressure, Freeze Protection: Misadjustment']","[0.8442288637161255, 0.8322335481643677, 0.8279100060462952]"
CU02702,128707,Charge velhclih,CF-P003,No cooling/insufficient cooling,"['Chiller Instrumentation and Control Devices: Capacity, Oil Pressure, Oil Level, Refrigerant High & Low Pressure, Freeze Protection: Component failure', 'Chiller Instrumentation and Control Devices: Capacity, Oil Pressure, Oil Level, Refrigerant High & Low Pressure, Freeze Protection: General tubing failure', 'Chiller Instrumentation and Control Devices: Capacity, Oil Pressure, Oil Level, Refrigerant High & Low Pressure, Freeze Protection: Misadjustment']","[0.849638819694519, 0.8428923487663269, 0.8405210375785828]"
CU02702,125081,Refrigerant leak on chiller #2.,CF-P002,No pumping/insufficient fluid flow,"['Refrigerant Operated Control Valve: Water side leak', 'Chiller Instrumentation and Control Devices: Capacity, Oil Pressure, Oil Level, Refrigerant High & Low Pressure, Freeze Protection: General tubing failure', 'Chiller Instrumentation and Control Devices: Capacity, Oil Pressure, Oil Level, Refrigerant High & Low Pressure, Freeze Protection: Component failure']","[0.8787829875946045, 0.8775683641433716, 0.8753510117530823]"
CU02702,124250,Change filters.,CF-P003,No cooling/insufficient cooling,"['Chiller Instrumentation and Control Devices: Capacity, Oil Pressure, Oil Level, Refrigerant High & Low Pressure, Freeze Protection: Component failure', 'Chiller Instrumentation and Control Devices: Capacity, Oil Pressure, Oil Level, Refrigerant High & Low Pressure, Freeze Protection: General tubing failure', 'Chiller Instrumentation and Control Devices: Capacity, Oil Pressure, Oil Level, Refrigerant High & Low Pressure, Freeze Protection: Plastic tubing failure']","[0.8486519455909729, 0.8382022380828857, 0.8329815864562988]"
CU02702,106069,Chiller 2 tripped (vsd oil pump),CF-P003,No cooling/insufficient cooling,"['Chiller Instrumentation and Control Devices: Capacity, Oil Pressure, Oil Level, Refrigerant High & Low Pressure, Freeze Protection: Component failure', 'Chiller Instrumentation and Control Devices: Capacity, Oil Pressure, Oil Level, Refrigerant High & Low Pressure, Freeze Protection: General tubing failure', 'Chiller Instrumentation and Control Devices: Capacity, Oil Pressure, Oil Level, Refrigerant High & Low Pressure, Freeze Protection: Plastic tubing failure']","[0.8759147524833679, 0.8655207753181458, 0.8605976104736328]"
CU02702,121400,Switch chillers and CWP.,CF-P002,No pumping/insufficient fluid flow,"['Chiller Instrumentation and Control Devices: Capacity, Oil Pressure, Oil Level, Refrigerant High & Low Pressure, Freeze Protection: Component failure', 'Chiller Instrumentation and Control Devices: Capacity, Oil Pressure, Oil Level, Refrigerant High & Low Pressure, Freeze Protection: General tubing failure', 'Chiller Instrumentation and Control Devices: Capacity, Oil Pressure, Oil Level, Refrigerant High & Low Pressure, Freeze Protection: Plastic tubing failure']","[0.8659026026725769, 0.86287522315979, 0.857124924659729]"
CU02702,135363,grease,CF-P002,No pumping/insufficient fluid flow,"['Compressor, Lubrication Failure: Low oil level', 'Chiller Instrumentation and Control Devices: Capacity, Oil Pressure, Oil Level, Refrigerant High & Low Pressure, Freeze Protection: General tubing failure', 'Compressor, Lubrication Failure: Incorrect oil']","[0.8390427827835083, 0.8377038240432739, 0.8366727232933044]"
CU02702,110309,Excessive Surge #2 chiller B/027 safety shutdown.,CF-P003,No cooling/insufficient cooling,"['Chiller Instrumentation and Control Devices: Capacity, Oil Pressure, Oil Level, Refrigerant High & Low Pressure, Freeze Protection: Component failure', 'Chiller Instrumentation and Control Devices: Capacity, Oil Pressure, Oil Level, Refrigerant High & Low Pressure, Freeze Protection: General tubing failure', 'Chiller Instrumentation and Control Devices: Capacity, Oil Pressure, Oil Level, Refrigerant High & Low Pressure, Freeze Protection: Plastic tubing failure']","[0.8667767643928528, 0.8601377010345459, 0.8529412746429443]"
CU02702,109497,#2 chiller oil problem.,CF-P003,No cooling/insufficient cooling,"['Chiller Instrumentation and Control Devices: Capacity, Oil Pressure, Oil Level, Refrigerant High & Low Pressure, Freeze Protection: Component failure', 'Chiller Instrumentation and Control Devices: Capacity, Oil Pressure, Oil Level, Refrigerant High & Low Pressure, Freeze Protection: General tubing failure', 'Chiller Instrumentation and Control Devices: Capacity, Oil Pressure, Oil Level, Refrigerant High & Low Pressure, Freeze Protection: Misadjustment']","[0.8851519823074341, 0.8747895359992981, 0.8707985877990723]"
CU02702,30296,FIBI:Greased #2 compressor motor in B027 and #9 in B/020.,CF-P001,No power,"['Compressor, Lubrication Failure: Incorrect oil', 'Compressor System Failure: Inadequate system differential pressure', 'Compressor, Lubrication Failure: Low oil level']","[0.8444304466247559, 0.842191219329834, 0.8361436724662781]"
CU02702,121603,TROUBLE SHOOT # 2 CHILLER.,CF-P003,No cooling/insufficient cooling,"['Chiller Instrumentation and Control Devices: Capacity, Oil Pressure, Oil Level, Refrigerant High & Low Pressure, Freeze Protection: Component failure', 'Chiller Instrumentation and Control Devices: Capacity, Oil Pressure, Oil Level, Refrigerant High & Low Pressure, Freeze Protection: Misadjustment', 'Chiller Instrumentation and Control Devices: Capacity, Oil Pressure, Oil Level, Refrigerant High & Low Pressure, Freeze Protection: General tubing failure']","[0.8684049248695374, 0.8593973517417908, 0.8577044606208801]"
CU02702,124248,Lights out in B/027 LC,CF-P001,No power,"['Electronic/Electrical Devices: Transmitters, Temperature Control Valves, Programmable logic controls, Level/Flow switches, RTDS, I/P Transducers: Loose connections', 'Chiller Instrumentation and Control Devices: Capacity, Oil Pressure, Oil Level, Refrigerant High & Low Pressure, Freeze Protection: Component failure', 'Oil Return System: Eductor, Sump Level switch, SOV: Failed component']","[0.8090356588363647, 0.7998733520507812, 0.7962732315063477]"
CU02703,162194,Lubraction #3 chiller.,CF-P004,Compressor failure,"['Chiller Instrumentation and Control Devices: Capacity, Oil Pressure, Oil Level, Refrigerant High & Low Pressure, Freeze Protection: Component failure', 'Compressor System Failure: Inadequate system differential pressure', 'Compressor, Lubrication Failure: Low oil level']","[0.8474793434143066, 0.8384217023849487, 0.8367406129837036]"
CU02703,144437,Chiller #3 tripped.,CF-P002,No pumping/insufficient fluid flow,"['Chiller Instrumentation and Control Devices: Capacity, Oil Pressure, Oil Level, Refrigerant High & Low Pressure, Freeze Protection: Component failure', 'Chiller Instrumentation and Control Devices: Capacity, Oil Pressure, Oil Level, Refrigerant High & Low Pressure, Freeze Protection: General tubing failure', 'Chiller Instrumentation and Control Devices: Capacity, Oil Pressure, Oil Level, Refrigerant High & Low Pressure, Freeze Protection: Plastic tubing failure']","[0.8717749118804932, 0.8712225556373596, 0.8653505444526672]"
CU02703,163782,Grease # 3 chiller.,CF-P003,No cooling/insufficient cooling,"['Chiller Instrumentation and Control Devices: Capacity, Oil Pressure, Oil Level, Refrigerant High & Low Pressure, Freeze Protection: Component failure', 'Chiller Instrumentation and Control Devices: Capacity, Oil Pressure, Oil Level, Refrigerant High & Low Pressure, Freeze Protection: General tubing failure', 'Chiller Instrumentation and Control Devices: Capacity, Oil Pressure, Oil Level, Refrigerant High & Low Pressure, Freeze Protection: Misadjustment']","[0.859142541885376, 0.8510634303092957, 0.8484887480735779]"
CU02703,164144,Test regulator.,CF-P003,No cooling/insufficient cooling,"['Chiller Instrumentation and Control Devices: Capacity, Oil Pressure, Oil Level, Refrigerant High & Low Pressure, Freeze Protection: Component failure', 'Chiller Instrumentation and Control Devices: Capacity, Oil Pressure, Oil Level, Refrigerant High & Low Pressure, Freeze Protection: General tubing failure', 'Chiller Instrumentation and Control Devices: Capacity, Oil Pressure, Oil Level, Refrigerant High & Low Pressure, Freeze Protection: Plastic tubing failure']","[0.8527239561080933, 0.8385818004608154, 0.8360111117362976]"
CU02703,144081,Start and switch chillers,CF-P003,No cooling/insufficient cooling,"['Chiller Instrumentation and Control Devices: Capacity, Oil Pressure, Oil Level, Refrigerant High & Low Pressure, Freeze Protection: Component failure', 'Chiller Instrumentation and Control Devices: Capacity, Oil Pressure, Oil Level, Refrigerant High & Low Pressure, Freeze Protection: General tubing failure', 'Chiller Instrumentation and Control Devices: Capacity, Oil Pressure, Oil Level, Refrigerant High & Low Pressure, Freeze Protection: Misadjustment']","[0.863168478012085, 0.8533052802085876, 0.8502901196479797]"
CU02703,36762,F1B1-Test CW make up regulator on #3 chiller.,CF-P001,No power,"['Chiller Instrumentation and Control Devices: Capacity, Oil Pressure, Oil Level, Refrigerant High & Low Pressure, Freeze Protection: Component failure', 'Chiller Instrumentation and Control Devices: Capacity, Oil Pressure, Oil Level, Refrigerant High & Low Pressure, Freeze Protection: Misadjustment', 'Chiller Instrumentation and Control Devices: Capacity, Oil Pressure, Oil Level, Refrigerant High & Low Pressure, Freeze Protection: Plastic tubing failure']","[0.8542507290840149, 0.8330958485603333, 0.8309594392776489]"
CU02703,149937,B/027 strainers.,CF-P002,No pumping/insufficient fluid flow,"['Chiller Instrumentation and Control Devices: Capacity, Oil Pressure, Oil Level, Refrigerant High & Low Pressure, Freeze Protection: General tubing failure', 'Chiller Instrumentation and Control Devices: Capacity, Oil Pressure, Oil Level, Refrigerant High & Low Pressure, Freeze Protection: Plastic tubing failure', 'Chiller Instrumentation and Control Devices: Capacity, Oil Pressure, Oil Level, Refrigerant High & Low Pressure, Freeze Protection: Component failure']","[0.8350719213485718, 0.8314178586006165, 0.8275256752967834]"
CU02703,152914,Chiller #3 failure.,CF-P004,Compressor failure,"['Chiller Instrumentation and Control Devices: Capacity, Oil Pressure, Oil Level, Refrigerant High & Low Pressure, Freeze Protection: Component failure', 'Compressor System Failure: Inadequate system differential pressure', 'Chiller Instrumentation and Control Devices: Capacity, Oil Pressure, Oil Level, Refrigerant High & Low Pressure, Freeze Protection: General tubing failure']","[0.853594958782196, 0.8404965400695801, 0.8324730396270752]"
CU02703,132108,Drain condenser water on #3 chiller,CF-P003,No cooling/insufficient cooling,"['Chiller Instrumentation and Control Devices: Capacity, Oil Pressure, Oil Level, Refrigerant High & Low Pressure, Freeze Protection: Component failure', 'Chiller Instrumentation and Control Devices: Capacity, Oil Pressure, Oil Level, Refrigerant High & Low Pressure, Freeze Protection: General tubing failure', 'Refrigerant Operated Control Valve: Water side leak']","[0.853251039981842, 0.8496683835983276, 0.8472411036491394]"
CU02703,67181,Checked B/027 chilled water make up regulating valve.,CF-P002,No pumping/insufficient fluid flow,"['Refrigerant Operated Control Valve: Water side leak', 'Refrigerant Metering Device: Failed float valve', 'Refrigerant Operated Control Valve: Leaking bellows or capillary']","[0.8658625483512878, 0.8642030954360962, 0.8589372038841248]"
CU02703,83439,Chilled water make up test.,CF-P003,No cooling/insufficient cooling,"['Chiller Instrumentation and Control Devices: Capacity, Oil Pressure, Oil Level, Refrigerant High & Low Pressure, Freeze Protection: Component failure', 'Chiller Instrumentation and Control Devices: Capacity, Oil Pressure, Oil Level, Refrigerant High & Low Pressure, Freeze Protection: General tubing failure', 'Chiller Instrumentation and Control Devices: Capacity, Oil Pressure, Oil Level, Refrigerant High & Low Pressure, Freeze Protection: Plastic tubing failure']","[0.8544357419013977, 0.8467304110527039, 0.8407930731773376]"
CU02703,100609,Test chilled water make up regulator B027,CF-P002,No pumping/insufficient fluid flow,"['Chiller Instrumentation and Control Devices: Capacity, Oil Pressure, Oil Level, Refrigerant High & Low Pressure, Freeze Protection: General tubing failure', 'Chiller Instrumentation and Control Devices: Capacity, Oil Pressure, Oil Level, Refrigerant High & Low Pressure, Freeze Protection: Component failure', 'Chiller Instrumentation and Control Devices: Capacity, Oil Pressure, Oil Level, Refrigerant High & Low Pressure, Freeze Protection: Plastic tubing failure']","[0.859210193157196, 0.8575019836425781, 0.8517577648162842]"
CU02703,78221,Test regulater,CF-P006,Liquid hammer,"['Refrigerant Metering Device: Failed float valve', 'Refrigerant Operated Control Valve: Stuck', 'Refrigerant Operated Control Valve: Failed spring']","[0.8430546522140503, 0.8419154286384583, 0.841786801815033]"
CU02703,167099,Lubrication alarm #3 chiller,CF-P004,Compressor failure,"['Compressor, Lubrication Failure: Low oil level', 'Compressor, Lubrication Failure: Incorrect oil', 'Chiller Instrumentation and Control Devices: Capacity, Oil Pressure, Oil Level, Refrigerant High & Low Pressure, Freeze Protection: Component failure']","[0.8633387684822083, 0.8613842129707336, 0.8565560579299927]"
CU02703,106820,Flush chilled water through chillers 1 and 3.,CF-P002,No pumping/insufficient fluid flow,"['Chiller Instrumentation and Control Devices: Capacity, Oil Pressure, Oil Level, Refrigerant High & Low Pressure, Freeze Protection: General tubing failure', 'Refrigerant Metering Device: Failed float valve', 'Chiller Instrumentation and Control Devices: Capacity, Oil Pressure, Oil Level, Refrigerant High & Low Pressure, Freeze Protection: Component failure']","[0.8596754670143127, 0.8540076017379761, 0.8529075384140015]"
CU02703,74358,CW make up test,CF-P006,Liquid hammer,"['Refrigerant Metering Device: Failed float valve', 'Refrigerant Operated Control Valve: Stuck', 'Refrigerant Operated Control Valve: Failed spring']","[0.8245927095413208, 0.8240872621536255, 0.8235074281692505]"
CU02703,70055,Blow down flow meter not working.,CF-P008,Pump failure,"['Refrigerant Metering Device: Failed float valve', 'Chiller Instrumentation and Control Devices: Capacity, Oil Pressure, Oil Level, Refrigerant High & Low Pressure, Freeze Protection: Component failure', 'Heat Exchangers: Evaporator: Water side freezing']","[0.8535512685775757, 0.8224972486495972, 0.8206737041473389]"
CU02703,128854,Material,CF-P007,Low evaporator pressure,"['Heat Exchangers: Evaporator: Water side fouling', 'Purge Unit: Ineffective purge, allows noncondensibles to remain in condenser', 'Compressor, Lubrication Failure: Low oil level']","[0.8318378925323486, 0.8190000653266907, 0.8142721056938171]"
CU02703,109710,Test CW.valve B/027,CF-P002,No pumping/insufficient fluid flow,"['Refrigerant Metering Device: Failed float valve', 'Refrigerant Operated Control Valve: Stuck', 'Refrigerant Operated Control Valve: Leaking bellows or capillary']","[0.8590488433837891, 0.8486211895942688, 0.8483469486236572]"
CU02703,67328,F1B1 #3chiller oil leak,CF-P006,Compressor failure,"['Compressor, Lubrication Failure: Low oil level', 'Refrigerant Operated Control Valve: Water side leak', 'Compressor, Shaft seal: Leakage']","[0.8651840686798096, 0.8640087842941284, 0.863071084022522]"
CU02704,51733,grease,CF-P004,Compressor failure,"['Compressor System Failure: Inadequate system differential pressure', 'Compressor, Lubrication Failure: Low oil level', 'Compressor, Lubrication Failure: Incorrect oil']","[0.8418806791305542, 0.8403602242469788, 0.8362697958946228]"
CU02704,166232,Strainer plugged on # 4 chiller.,CF-P002,No pumping/insufficient fluid flow,"['Chiller Instrumentation and Control Devices: Capacity, Oil Pressure, Oil Level, Refrigerant High & Low Pressure, Freeze Protection: Plastic tubing failure', 'Chiller Instrumentation and Control Devices: Capacity, Oil Pressure, Oil Level, Refrigerant High & Low Pressure, Freeze Protection: General tubing failure', 'Chiller Instrumentation and Control Devices: Capacity, Oil Pressure, Oil Level, Refrigerant High & Low Pressure, Freeze Protection: Component failure']","[0.8572300672531128, 0.8541956543922424, 0.8522775769233704]"
CU02704,57710,Tower makeup valve failed,CF-P001,No power,"['Refrigerant Metering Device: Failed float valve', 'Solenoid Valves: Coil failure', 'Electronic/Electrical Devices: Transmitters, Temperature Control Valves, Programmable logic controls, Level/Flow switches, RTDS, I/P Transducers: Loose connections']","[0.841016411781311, 0.8193540573120117, 0.8190852403640747]"
CU02704,97792,switched towers and chillers.,CF-P003,No cooling/insufficient cooling,"['Chiller Instrumentation and Control Devices: Capacity, Oil Pressure, Oil Level, Refrigerant High & Low Pressure, Freeze Protection: Component failure', 'Chiller Instrumentation and Control Devices: Capacity, Oil Pressure, Oil Level, Refrigerant High & Low Pressure, Freeze Protection: General tubing failure', 'Chiller Instrumentation and Control Devices: Capacity, Oil Pressure, Oil Level, Refrigerant High & Low Pressure, Freeze Protection: Plastic tubing failure']","[0.84645676612854, 0.8396480083465576, 0.8346026539802551]"
CU02704,78226,Greased #4 chiller,CF-P004,Compressor failure,"['Chiller Instrumentation and Control Devices: Capacity, Oil Pressure, Oil Level, Refrigerant High & Low Pressure, Freeze Protection: Component failure', 'Compressor System Failure: Inadequate system differential pressure', 'Compressor, Lubrication Failure: Incorrect oil']","[0.8378229737281799, 0.8335174322128296, 0.8265894055366516]"
CU02704,139541,Switch equipment,CF-P002,No pumping/insufficient fluid flow,"['Chiller Instrumentation and Control Devices: Capacity, Oil Pressure, Oil Level, Refrigerant High & Low Pressure, Freeze Protection: Component failure', 'Oil Return System: Eductor, Sump Level switch, SOV: Failed component', 'Chiller Instrumentation and Control Devices: Capacity, Oil Pressure, Oil Level, Refrigerant High & Low Pressure, Freeze Protection: General tubing failure']","[0.8400965332984924, 0.8382790684700012, 0.8359421491622925]"
CU02704,7145,Greased #4 chiller compressor motor.,CF-P003,No cooling/insufficient cooling,"['Chiller Instrumentation and Control Devices: Capacity, Oil Pressure, Oil Level, Refrigerant High & Low Pressure, Freeze Protection: Component failure', 'Chiller Instrumentation and Control Devices: Capacity, Oil Pressure, Oil Level, Refrigerant High & Low Pressure, Freeze Protection: General tubing failure', 'Chiller Instrumentation and Control Devices: Capacity, Oil Pressure, Oil Level, Refrigerant High & Low Pressure, Freeze Protection: Elastomer failure']","[0.867250919342041, 0.8499583005905151, 0.8483508229255676]"
CU02704,55063,Meter not working,CF-P002,No pumping/insufficient fluid flow,"['Refrigerant Metering Device: Failed float valve', 'Chiller Instrumentation and Control Devices: Capacity, Oil Pressure, Oil Level, Refrigerant High & Low Pressure, Freeze Protection: General tubing failure', 'Chiller Instrumentation and Control Devices: Capacity, Oil Pressure, Oil Level, Refrigerant High & Low Pressure, Freeze Protection: Component failure']","[0.858677089214325, 0.8353649973869324, 0.8343187570571899]"
CU02704,157345,Switch equipment.,CF-P004,Compressor failure,"['Compressor System Failure: Inadequate system differential pressure', 'Oil Return System: Eductor, Sump Level switch, SOV: Failed component', 'Chiller Instrumentation and Control Devices: Capacity, Oil Pressure, Oil Level, Refrigerant High & Low Pressure, Freeze Protection: Component failure']","[0.8334310054779053, 0.8212746977806091, 0.8165479898452759]"
CU02704,129765,Greased chiller #4.,CF-P003,No cooling/insufficient cooling,"['Chiller Instrumentation and Control Devices: Capacity, Oil Pressure, Oil Level, Refrigerant High & Low Pressure, Freeze Protection: Component failure', 'Chiller Instrumentation and Control Devices: Capacity, Oil Pressure, Oil Level, Refrigerant High & Low Pressure, Freeze Protection: General tubing failure', 'Chiller Instrumentation and Control Devices: Capacity, Oil Pressure, Oil Level, Refrigerant High & Low Pressure, Freeze Protection: Elastomer failure']","[0.8604328036308289, 0.8536331057548523, 0.8492319583892822]"
CU02704,103284,"Plugged condenser d.p. sensing lines, tubes and strainer.",CF-P002,No pumping/insufficient fluid flow,"['Heat Exchangers: Condenser: Improper water side flow rate', 'Purge Unit: Ineffective purge, allows noncondensibles to remain in condenser', 'Chiller Instrumentation and Control Devices: Capacity, Oil Pressure, Oil Level, Refrigerant High & Low Pressure, Freeze Protection: Plastic tubing failure']","[0.851317822933197, 0.849072277545929, 0.847341775894165]"
CU02704,54473,Leak check B/704 chiller,CF-P001,No power,"['Chiller Instrumentation and Control Devices: Capacity, Oil Pressure, Oil Level, Refrigerant High & Low Pressure, Freeze Protection: Component failure', 'Chiller Instrumentation and Control Devices: Capacity, Oil Pressure, Oil Level, Refrigerant High & Low Pressure, Freeze Protection: General tubing failure', 'Chiller Instrumentation and Control Devices: Capacity, Oil Pressure, Oil Level, Refrigerant High & Low Pressure, Freeze Protection: Plastic tubing failure']","[0.849391520023346, 0.8386237621307373, 0.8353647589683533]"
CU02704,70054,Lub.#4 chiller motor.,CF-P004,Compressor failure,"['Chiller Instrumentation and Control Devices: Capacity, Oil Pressure, Oil Level, Refrigerant High & Low Pressure, Freeze Protection: Component failure', 'Compressor System Failure: Inadequate system differential pressure', 'Compressor, Lubrication Failure: Low oil level']","[0.8478589057922363, 0.8333709836006165, 0.8323683738708496]"
CU02704,30302,FIBI:Switched chillers and tower twice.,CF-P004,Compressor failure,"['Chiller Instrumentation and Control Devices: Capacity, Oil Pressure, Oil Level, Refrigerant High & Low Pressure, Freeze Protection: Component failure', 'Compressor System Failure: Inadequate system differential pressure', 'Chiller Instrumentation and Control Devices: Capacity, Oil Pressure, Oil Level, Refrigerant High & Low Pressure, Freeze Protection: General tubing failure']","[0.8350998759269714, 0.8175269961357117, 0.814525306224823]"
CU02704,62395,Leak check #4 chiller,CF-P007,Low evaporator pressure,"['Refrigerant Operated Control Valve: Water side leak', 'Refrigerant Operated Control Valve: Leaking bellows or capillary', 'Chiller Instrumentation and Control Devices: Capacity, Oil Pressure, Oil Level, Refrigerant High & Low Pressure, Freeze Protection: Component failure']","[0.8623384833335876, 0.8464120626449585, 0.8461378216743469]"
CU02704,147929,Switch equipment,CF-P002,No pumping/insufficient fluid flow,"['Chiller Instrumentation and Control Devices: Capacity, Oil Pressure, Oil Level, Refrigerant High & Low Pressure, Freeze Protection: Component failure', 'Oil Return System: Eductor, Sump Level switch, SOV: Failed component', 'Chiller Instrumentation and Control Devices: Capacity, Oil Pressure, Oil Level, Refrigerant High & Low Pressure, Freeze Protection: General tubing failure']","[0.8400965332984924, 0.8382790684700012, 0.8359421491622925]"
CU02704,72681,Lubrication alarm on #4 chiller.,CF-P004,Compressor failure,"['Compressor, Lubrication Failure: Low oil level', 'Compressor, Lubrication Failure: Incorrect oil', 'Chiller Instrumentation and Control Devices: Capacity, Oil Pressure, Oil Level, Refrigerant High & Low Pressure, Freeze Protection: Component failure']","[0.8619646430015564, 0.8603373169898987, 0.8517136573791504]"
CU02704,92649,Greased #4 chiller compressor motor.,CF-P009,Overheating,"['Compressor, Lubrication Failure: Incorrect oil', 'Compressor, Lubrication Failure: Low oil level', 'Compressor, Lubrication Failure: High or low oil pressure']","[0.8693427443504333, 0.8691326379776001, 0.8539352416992188]"
CU02704,118870,Switched chillers B027.,CF-P004,Compressor failure,"['Chiller Instrumentation and Control Devices: Capacity, Oil Pressure, Oil Level, Refrigerant High & Low Pressure, Freeze Protection: Component failure', 'Compressor System Failure: Inadequate system differential pressure', 'Chiller Instrumentation and Control Devices: Capacity, Oil Pressure, Oil Level, Refrigerant High & Low Pressure, Freeze Protection: General tubing failure']","[0.8361530900001526, 0.8298454284667969, 0.8167443871498108]"
CU02704,144285,Grease #4 chiller B/027,CF-P004,Compressor failure,"['Compressor System Failure: Inadequate system differential pressure', 'Chiller Instrumentation and Control Devices: Capacity, Oil Pressure, Oil Level, Refrigerant High & Low Pressure, Freeze Protection: Component failure', 'Compressor, Lubrication Failure: Low oil level']","[0.8358984589576721, 0.8327749371528625, 0.8314083814620972]"
CU02704,103660,Change bad gauges on condenser system.,CF-P002,No pumping/insufficient fluid flow,"['Heat Exchangers: Condenser: Improper water side flow rate', 'Purge Unit: Ineffective purge, allows noncondensibles to remain in condenser', 'Refrigerant Metering Device: Failed float valve']","[0.8545504808425903, 0.8480211496353149, 0.8375779986381531]"
CU02704,101328,"Plugged condenser d.p. sensing lines, tubes and strainer.",CF-P002,No pumping/insufficient fluid flow,"['Heat Exchangers: Condenser: Improper water side flow rate', 'Purge Unit: Ineffective purge, allows noncondensibles to remain in condenser', 'Chiller Instrumentation and Control Devices: Capacity, Oil Pressure, Oil Level, Refrigerant High & Low Pressure, Freeze Protection: Plastic tubing failure']","[0.851317822933197, 0.849072277545929, 0.847341775894165]"
